{"cameraMode":{"drawMode":0,"name":"Shaded","section":"Shading Mode"},"sceneLighting":true,"audioPlay":false,"sceneViewState":{"showFog":true,"showMaterialUpdate":false,"showSkybox":true,"showFlares":true,"showImageEffects":true,"showParticleSystems":true},"in2DMode":false,"pivot":{"x":61.09428405761719,"y":-338.887451171875,"z":101.41885375976563},"rotation":{"x":-0.5094975233078003,"y":0.13235099613666535,"z":-0.07966135442256928,"w":-0.8464933037757874},"size":839.2607421875,"orthographic":false}