{"cameraMode":{"drawMode":0,"name":"Shaded","section":"Shading Mode"},"sceneLighting":true,"audioPlay":false,"sceneViewState":{"showFog":true,"showMaterialUpdate":false,"showSkybox":true,"showFlares":true,"showImageEffects":true,"showParticleSystems":true},"in2DMode":false,"pivot":{"x":-2.5113165378570558,"y":2.2493796348571779,"z":-0.702911913394928},"rotation":{"x":-0.3590852916240692,"y":-0.5915330052375794,"z":0.3311198353767395,"w":-0.6414925456047058},"size":12.231119155883789,"orthographic":false}