{"cameraMode":{"drawMode":0,"name":"Shaded","section":"Shading Mode"},"sceneLighting":true,"audioPlay":false,"sceneViewState":{"showFog":true,"showMaterialUpdate":false,"showSkybox":true,"showFlares":true,"showImageEffects":true,"showParticleSystems":true},"in2DMode":false,"pivot":{"x":14.511116027832032,"y":-6.883594512939453,"z":0.40109360218048098},"rotation":{"x":-0.2229069024324417,"y":-0.6721531748771668,"z":0.22372695803642274,"w":-0.6697154641151428},"size":31.858484268188478,"orthographic":false}