{"cameraMode":{"drawMode":0,"name":"Shaded","section":"Shading Mode"},"sceneLighting":true,"audioPlay":false,"sceneViewState":{"showFog":true,"showMaterialUpdate":false,"showSkybox":true,"showFlares":true,"showImageEffects":true,"showParticleSystems":true},"in2DMode":false,"pivot":{"x":0.21414144337177277,"y":-13.249143600463868,"z":29.701263427734376},"rotation":{"x":-0.2525502145290375,"y":-0.0011763705406337977,"z":0.0003193937591277063,"w":-0.9676023721694946},"size":38.62120819091797,"orthographic":false}