{"cameraMode":{"drawMode":0,"name":"Shaded","section":"Shading Mode"},"sceneLighting":true,"audioPlay":false,"sceneViewState":{"showFog":true,"showMaterialUpdate":false,"showSkybox":true,"showFlares":true,"showImageEffects":true,"showParticleSystems":true},"in2DMode":false,"pivot":{"x":-5.3683671951293949,"y":-8.582338333129883,"z":9.783493041992188},"rotation":{"x":-0.32272353768348696,"y":0.625374972820282,"z":-0.31750795245170596,"w":-0.6356000900268555},"size":16.046571731567384,"orthographic":false}