{"cameraMode":{"drawMode":0,"name":"Shaded","section":"Shading Mode"},"sceneLighting":true,"audioPlay":false,"sceneViewState":{"showFog":true,"showMaterialUpdate":false,"showSkybox":true,"showFlares":true,"showImageEffects":true,"showParticleSystems":true},"in2DMode":false,"pivot":{"x":-0.2769756317138672,"y":5.928609848022461,"z":6.944328308105469},"rotation":{"x":-0.14282439649105073,"y":-0.6857537031173706,"z":0.13994529843330384,"w":-0.699862003326416},"size":10.318081855773926,"orthographic":false}