{"cameraMode":{"drawMode":0,"name":"Shaded","section":"Shading Mode"},"sceneLighting":false,"audioPlay":false,"sceneViewState":{"showFog":true,"showMaterialUpdate":false,"showSkybox":false,"showFlares":true,"showImageEffects":true,"showParticleSystems":true},"in2DMode":false,"pivot":{"x":-10.004768371582032,"y":5.9137349128723148,"z":0.027390092611312867},"rotation":{"x":-0.2383699119091034,"y":-0.6414865851402283,"z":0.21995283663272859,"w":-0.6952296495437622},"size":2.6660282611846926,"orthographic":false}