{"cameraMode":{"drawMode":0,"name":"Shaded","section":"Shading Mode"},"sceneLighting":true,"audioPlay":false,"sceneViewState":{"showFog":true,"showMaterialUpdate":false,"showSkybox":true,"showFlares":true,"showImageEffects":true,"showParticleSystems":true},"in2DMode":false,"pivot":{"x":80.13739776611328,"y":-1638.743896484375,"z":-3181.829345703125},"rotation":{"x":-0.003029481042176485,"y":-0.9718950986862183,"z":0.23506952822208405,"w":-0.012532558292150498},"size":1848.1536865234375,"orthographic":false}