{"cameraMode":{"drawMode":0,"name":"Shaded","section":"Shading Mode"},"sceneLighting":true,"audioPlay":false,"sceneViewState":{"showFog":true,"showMaterialUpdate":false,"showSkybox":true,"showFlares":true,"showImageEffects":true,"showParticleSystems":true},"in2DMode":false,"pivot":{"x":67.984375,"y":-27.83673095703125,"z":104.1802978515625},"rotation":{"x":-0.4484299123287201,"y":0.2785457372665405,"z":-0.14940032362937928,"w":-0.8360637426376343},"size":430.1893005371094,"orthographic":false}