{"cameraMode":{"drawMode":0,"name":"Shaded","section":"Shading Mode"},"sceneLighting":false,"audioPlay":false,"sceneViewState":{"showFog":true,"showMaterialUpdate":false,"showSkybox":false,"showFlares":true,"showImageEffects":true,"showParticleSystems":true},"in2DMode":false,"pivot":{"x":-9.454193115234375,"y":-9.927099227905274,"z":3.5859484672546388},"rotation":{"x":-0.27331024408340456,"y":0.6412456035614014,"z":-0.26269564032554629,"w":-0.6671562194824219},"size":326.4082946777344,"orthographic":false}